City_ID,City,Country,Date,Lat,Lng,Max Temp,Humidity,Cloudiness,Wind Speed
0,Nikolskoye,RU,2020-08-22 22:51:55,59.7,30.79,64.4,68,40,8.95
1,Hobart,AU,2020-08-22 22:48:50,-42.88,147.33,48.99,81,75,9.17
2,Kidal,ML,2020-08-22 22:51:56,18.44,1.41,93.13,36,0,10.54
3,Portland,US,2020-08-22 22:48:56,45.52,-122.68,80.01,47,20,11.41
4,Denpasar,ID,2020-08-22 22:51:52,-8.65,115.22,77.0,100,40,6.93
5,Gamba,GA,2020-08-22 22:51:56,-2.65,10.0,72.82,85,40,5.37
6,Ushuaia,AR,2020-08-22 22:49:19,-54.8,-68.3,44.6,78,75,19.46
7,Natal,BR,2020-08-22 22:51:57,-5.79,-35.21,77.0,78,75,12.75
8,Tatahuicapan,MX,2020-08-22 22:51:57,18.23,-94.75,86.0,79,75,9.17
9,Busselton,AU,2020-08-22 22:47:54,-33.65,115.33,48.99,86,39,9.28
10,Lompoc,US,2020-08-22 22:51:57,34.64,-120.46,80.01,68,1,13.87
11,Kapaa,US,2020-08-22 22:51:58,22.08,-159.32,87.01,62,20,12.75
12,Katima Mulilo,NA,2020-08-22 22:51:58,-17.5,24.27,69.8,52,6,6.93
13,Lezajsk,PL,2020-08-22 22:51:58,50.26,22.42,71.6,83,75,12.75
14,Victoria,HK,2020-08-22 22:50:36,22.29,114.16,82.0,78,8,3.0
15,Kodiak,US,2020-08-22 22:51:58,57.79,-152.41,62.87,68,23,2.86
16,Atuona,PF,2020-08-22 22:51:59,-9.8,-139.03,78.26,79,43,18.23
17,Avarua,CK,2020-08-22 22:51:59,-21.21,-159.78,77.0,73,10,13.87
18,Bud,US,2020-08-22 22:51:59,39.45,-86.18,84.0,58,1,4.9
19,Asfi,MA,2020-08-22 22:51:59,32.3,-9.24,72.55,79,71,17.0
20,Menongue,AO,2020-08-22 22:51:59,-14.66,17.69,61.65,36,46,5.88
21,Umm Lajj,SA,2020-08-22 22:47:21,25.02,37.27,81.93,71,0,4.23
22,Vaini,TO,2020-08-22 22:52:00,-21.2,-175.2,78.8,88,75,9.17
23,Adrar,MR,2020-08-22 22:52:00,20.5,-10.07,100.27,9,31,5.37
24,Olinda,BR,2020-08-22 22:51:55,-8.01,-34.86,75.2,88,40,4.7
25,Valdivia,CL,2020-08-22 22:50:00,-39.81,-73.25,53.6,76,0,2.24
26,Georgetown,MY,2020-08-22 22:50:37,5.41,100.34,80.6,94,20,3.36
27,Vestmanna,FO,2020-08-22 22:52:01,62.16,-7.17,46.4,75,92,14.99
28,Te Anau,NZ,2020-08-22 22:52:01,-45.42,167.72,45.86,79,100,0.22
29,Songea,TZ,2020-08-22 22:52:01,-10.68,35.65,59.0,87,40,3.36
30,East London,ZA,2020-08-22 22:52:01,-33.02,27.91,64.81,48,0,12.75
31,Lata,PT,2020-08-22 22:47:15,40.16,-8.33,62.01,84,0,1.99
32,Mataura,NZ,2020-08-22 22:52:02,-46.19,168.86,46.99,97,98,4.0
33,Port Blair,IN,2020-08-22 22:52:02,11.67,92.75,82.17,78,100,11.34
34,Brookhaven,US,2020-08-22 22:52:02,31.58,-90.44,87.01,76,1,3.74
35,Puerto Ayora,EC,2020-08-22 22:50:42,-0.74,-90.35,68.0,86,82,4.0
36,Puerto Escondido,MX,2020-08-22 22:52:02,15.85,-97.07,84.2,62,75,3.44
37,Airai,TL,2020-08-22 22:52:03,-8.93,125.41,63.37,41,70,4.41
38,Yangambi,CD,2020-08-22 22:52:03,0.81,24.43,71.56,96,87,2.95
39,Daru,PG,2020-08-22 22:52:03,-9.08,143.21,79.23,73,54,11.74
40,Sao Filipe,CV,2020-08-22 22:51:52,14.9,-24.5,79.16,79,39,4.94
41,Arraial Do Cabo,BR,2020-08-22 22:50:08,-22.97,-42.03,68.0,49,75,8.05
42,Upernavik,GL,2020-08-22 22:52:04,72.79,-56.15,44.24,70,86,9.42
43,Hermanus,ZA,2020-08-22 22:52:04,-34.42,19.23,57.0,85,14,4.0
44,Qaanaaq,GL,2020-08-22 22:52:04,77.48,-69.36,37.94,85,100,2.04
45,Punta Arenas,CL,2020-08-22 22:48:34,-53.15,-70.92,37.4,74,20,20.8
46,Carnarvon,AU,2020-08-22 22:52:05,-24.87,113.63,64.4,77,92,9.17
47,Nara,JP,2020-08-22 22:52:05,34.69,135.8,81.0,83,75,5.82
48,Kuzedeyevo,RU,2020-08-22 22:52:05,53.33,87.2,52.95,81,99,2.57
49,Tasiilaq,GL,2020-08-22 22:52:05,65.61,-37.64,46.4,52,58,9.17
50,Tuktoyaktuk,CA,2020-08-22 22:52:05,69.45,-133.04,55.4,82,20,11.41
51,Port Alfred,ZA,2020-08-22 22:52:06,-33.59,26.89,59.29,71,0,11.5
52,Rikitea,PF,2020-08-22 22:52:06,-23.12,-134.97,67.01,73,87,18.52
53,Salinas,US,2020-08-22 22:52:06,36.68,-121.66,71.6,56,1,13.87
54,Namatanai,PG,2020-08-22 22:52:06,-3.67,152.43,82.4,73,64,2.68
55,Norman Wells,CA,2020-08-22 22:52:06,65.28,-126.83,68.0,52,40,13.87
56,Kopanskaya,RU,2020-08-22 22:52:07,46.28,38.48,70.14,48,83,13.94
57,Bengkulu,ID,2020-08-22 22:52:07,-3.8,102.27,75.07,87,65,3.49
58,Butaritari,KI,2020-08-22 22:52:07,3.07,172.79,83.16,63,100,7.07
59,New Norfolk,AU,2020-08-22 22:52:07,-42.78,147.06,48.99,86,90,1.99
60,Bredasdorp,ZA,2020-08-22 22:52:07,-34.53,20.04,51.8,87,8,4.7
61,Campbell River,CA,2020-08-22 22:52:08,50.02,-125.24,66.2,48,75,5.82
62,Albany,US,2020-08-22 22:52:08,42.6,-73.97,82.99,53,0,6.49
63,Kinkala,CG,2020-08-22 22:52:08,-4.36,14.76,71.65,78,38,5.46
64,Cockburn Town,TC,2020-08-22 22:52:08,21.46,-71.14,84.11,79,79,26.31
65,Yatou,CN,2020-08-22 22:52:09,37.15,122.38,73.26,89,10,3.04
66,Pevek,RU,2020-08-22 22:52:09,69.7,170.31,38.17,98,100,4.81
67,Chioggia,IT,2020-08-22 22:52:09,45.23,12.29,75.99,80,4,11.59
68,Chuy,UY,2020-08-22 22:52:09,-33.7,-53.46,46.53,70,0,6.26
69,Batabano,CU,2020-08-22 22:52:10,22.72,-82.29,86.0,70,40,3.36
70,Makakilo City,US,2020-08-22 22:52:10,21.35,-158.09,89.6,52,90,6.93
71,Road Town,VG,2020-08-22 22:52:10,18.42,-64.62,75.99,94,100,21.99
72,Newport,GB,2020-08-22 22:51:57,51.59,-3.0,63.0,96,80,1.99
73,Batticaloa,LK,2020-08-22 22:52:11,7.71,81.69,79.38,77,52,2.35
74,Bluff,NZ,2020-08-22 22:52:11,-46.6,168.33,46.99,97,100,4.0
75,San Patricio,MX,2020-08-22 22:52:11,19.22,-104.7,86.0,74,75,11.41
76,Esperance,AU,2020-08-22 22:52:11,-33.87,121.9,50.0,87,75,8.05
77,Port Elizabeth,ZA,2020-08-22 22:52:11,-33.92,25.57,57.2,93,40,4.7
78,Abu Dhabi,AE,2020-08-22 22:52:12,24.47,54.37,95.0,75,99,4.7
79,Zhigansk,RU,2020-08-22 22:52:12,66.77,123.37,42.46,74,64,17.69
80,Nome,US,2020-08-22 22:52:12,64.5,-165.41,55.4,87,90,13.87
81,Lerwick,GB,2020-08-22 22:52:13,60.15,-1.15,53.6,100,94,10.29
82,Det Udom,TH,2020-08-22 22:52:13,14.91,105.08,77.0,100,40,2.24
83,Bronnoysund,NO,2020-08-22 22:52:13,65.46,12.2,60.8,82,99,10.29
84,Pimenta Bueno,BR,2020-08-22 22:52:13,-11.67,-61.19,65.59,41,12,3.78
85,Tazovskiy,RU,2020-08-22 22:52:13,67.47,78.7,52.23,80,98,9.17
86,Geraldton,AU,2020-08-22 22:52:14,-28.77,114.6,59.0,93,90,2.24
87,Koslan,RU,2020-08-22 22:52:14,63.46,48.9,54.86,94,2,3.15
88,Zaria,NG,2020-08-22 22:52:14,11.11,7.72,70.52,91,16,5.1
89,Bambous Virieux,MU,2020-08-22 22:52:14,-20.34,57.76,69.8,77,40,8.05
90,Cape Town,ZA,2020-08-22 22:47:31,-33.93,18.42,50.0,93,2,1.12
91,Noumea,NC,2020-08-22 22:48:25,-22.28,166.46,73.0,100,90,3.36
92,Salalah,OM,2020-08-22 22:51:16,17.02,54.09,77.0,100,90,6.93
93,Paamiut,GL,2020-08-22 22:52:15,61.99,-49.67,43.77,92,39,9.15
94,Kokopo,PG,2020-08-22 22:52:15,-4.35,152.26,80.55,79,50,4.16
95,Codajas,BR,2020-08-22 22:52:15,-3.84,-62.06,80.24,46,0,2.66
96,Palmer,US,2020-08-22 22:52:16,42.16,-72.33,86.0,42,20,11.41
97,Urbano Santos,BR,2020-08-22 22:52:16,-3.21,-43.4,72.79,95,62,3.0
98,Yellowknife,CA,2020-08-22 22:49:36,62.46,-114.35,59.0,62,75,12.75
99,Narsaq,GL,2020-08-22 22:52:16,60.92,-46.05,51.8,66,20,5.82
100,Lakatoro,VU,2020-08-22 22:52:16,-16.1,167.42,80.6,78,40,3.36
101,Guerrero Negro,MX,2020-08-22 22:52:17,27.98,-114.06,85.42,51,0,18.88
102,Srivardhan,IN,2020-08-22 22:52:17,18.03,73.02,80.02,86,100,13.56
103,Agadir,MA,2020-08-22 22:52:17,30.42,-9.6,77.0,65,40,5.82
104,Torbay,CA,2020-08-22 22:52:17,47.67,-52.73,64.4,59,20,6.93
105,Chifeng,CN,2020-08-22 22:52:17,42.27,118.96,66.31,72,76,9.46
106,Yarmouth,US,2020-08-22 22:52:17,41.71,-70.23,75.99,94,75,11.41
107,Mahebourg,MU,2020-08-22 22:50:15,-20.41,57.7,69.8,77,40,8.05
108,Castro,BR,2020-08-22 22:48:17,-24.79,-50.01,44.37,93,12,8.01
109,Shitanjing,CN,2020-08-22 22:52:18,39.23,106.34,61.86,83,100,14.09
110,Baker City,US,2020-08-22 22:52:18,44.77,-117.83,82.4,34,1,5.82
111,Marsabit,KE,2020-08-22 22:52:18,2.33,37.99,63.01,74,100,24.83
112,Itarema,BR,2020-08-22 22:52:19,-2.92,-39.92,77.59,78,0,12.62
113,Ribeira Grande,PT,2020-08-22 22:52:19,38.52,-28.7,72.97,80,40,9.55
114,Saint-Philippe,RE,2020-08-22 22:51:06,-21.36,55.77,68.0,67,35,4.7
115,Grindavik,IS,2020-08-22 22:52:19,63.84,-22.43,46.4,100,0,1.12
116,Nurota,UZ,2020-08-22 22:48:28,40.56,65.69,71.6,49,0,2.24
117,Gimli,CA,2020-08-22 22:52:20,50.63,-96.99,71.01,99,99,5.99
118,Mahajanga,MG,2020-08-22 22:52:20,-15.72,46.32,70.34,67,65,10.29
119,Cooma,AU,2020-08-22 22:52:20,-36.23,149.13,37.4,59,7,17.22
120,Mingshui,CN,2020-08-22 22:52:21,36.72,117.5,80.01,71,30,3.06
121,Thompson,CA,2020-08-22 22:51:15,55.74,-97.86,53.6,66,75,10.29
122,Porto Torres,IT,2020-08-22 22:52:21,40.84,8.4,75.2,94,0,2.24
123,Port Hardy,CA,2020-08-22 22:52:21,50.7,-127.42,55.4,93,90,3.36
124,Fairbanks,US,2020-08-22 22:50:32,64.84,-147.72,73.0,46,90,6.93
125,Beringovskiy,RU,2020-08-22 22:52:22,63.05,179.32,55.69,77,83,11.56
126,Dikson,RU,2020-08-22 22:52:22,73.51,80.55,47.98,75,96,7.45
127,Choya,RU,2020-08-22 22:52:22,52.01,86.55,53.98,67,100,3.18
128,Tiksi,RU,2020-08-22 22:52:22,71.69,128.87,40.73,90,100,3.6
129,Iskateley,RU,2020-08-22 22:52:23,67.68,53.15,49.03,86,60,3.0
130,Beatrice,US,2020-08-22 22:50:08,40.27,-96.75,90.0,49,1,12.75
131,Erenhot,CN,2020-08-22 22:52:23,43.65,111.98,67.35,64,99,2.82
132,Belyy Yar,RU,2020-08-22 22:52:23,53.6,91.39,50.0,100,0,2.24
133,Moyobamba,PE,2020-08-22 22:52:23,-6.05,-76.97,68.13,90,50,1.07
134,Provideniya,RU,2020-08-22 22:52:24,64.38,-173.3,51.58,82,100,6.15
135,Traverse City,US,2020-08-22 22:52:24,44.76,-85.62,84.2,48,40,6.93
136,Poros,GR,2020-08-22 22:52:24,37.5,23.45,82.0,36,0,1.99
137,Turtas,RU,2020-08-22 22:52:24,58.94,69.13,46.67,96,17,4.41
138,Zhicheng,CN,2020-08-22 22:52:24,30.3,111.5,79.0,90,28,0.58
139,Khatanga,RU,2020-08-22 22:52:25,71.97,102.5,51.91,68,1,6.73
140,Los Llanos De Aridane,ES,2020-08-22 22:51:08,28.66,-17.92,75.2,83,8,17.22
141,Klaksvik,FO,2020-08-22 22:50:53,62.23,-6.59,46.4,75,100,14.99
142,Kaitangata,NZ,2020-08-22 22:52:25,-46.28,169.85,51.01,82,56,14.0
143,Nenjiang,CN,2020-08-22 22:52:25,49.18,125.22,61.75,69,100,6.6
144,Chaohu,CN,2020-08-22 22:52:26,31.6,117.87,77.0,100,75,2.24
145,Panama City,PA,2020-08-22 22:52:26,8.99,-79.52,78.8,88,75,5.82
146,Kargasok,RU,2020-08-22 22:52:26,59.06,80.86,50.92,96,74,5.53
147,Cayenne,GF,2020-08-22 22:52:26,4.93,-52.33,78.8,88,3,1.12
148,Ceres,US,2020-08-22 22:52:26,37.59,-120.96,89.6,40,1,8.05
149,Trinidad,BO,2020-08-22 22:52:27,-14.83,-64.9,62.22,36,92,3.4
150,Shimanovsk,RU,2020-08-22 22:52:27,52.0,127.7,63.16,88,0,2.95
151,Mayumba,GA,2020-08-22 22:52:27,-3.43,10.66,72.9,87,28,4.83
152,Roald,NO,2020-08-22 22:52:27,62.58,6.13,55.4,87,100,16.11
153,Moose Jaw,CA,2020-08-22 22:52:27,50.4,-105.53,91.4,24,90,14.99
154,Bundaberg,AU,2020-08-22 22:52:30,-24.85,152.35,62.01,35,0,10.29
155,Coachella,US,2020-08-22 22:52:30,33.68,-116.17,107.01,34,1,4.88
156,Beckley,US,2020-08-22 22:51:33,37.78,-81.19,80.6,57,1,8.05
157,San Lorenzo,PY,2020-08-22 22:52:31,-25.33,-57.53,53.19,58,0,3.2
158,Rio Grande,BR,2020-08-22 22:52:31,-32.03,-52.1,52.0,71,0,6.85
159,Hilo,US,2020-08-22 22:49:28,19.73,-155.09,86.0,66,1,10.29
160,San Martin,AR,2020-08-22 22:52:31,-33.08,-68.47,59.0,14,0,6.93
161,Ust-Omchug,RU,2020-08-22 22:52:32,61.15,149.63,39.2,71,100,10.42
162,Karratha,AU,2020-08-22 22:52:32,-20.74,116.85,69.15,35,0,6.17
163,Hamilton,US,2020-08-22 22:49:14,39.18,-84.53,79.0,73,1,4.7
164,Marand,IR,2020-08-22 22:47:43,38.43,45.77,68.0,56,40,6.93
165,Coquimbo,CL,2020-08-22 22:52:32,-29.95,-71.34,50.0,93,90,4.7
166,Srednekolymsk,RU,2020-08-22 22:52:33,67.45,153.68,36.28,94,100,11.27
167,Barrow,US,2020-08-22 22:52:33,71.29,-156.79,42.8,87,90,21.92
168,Saint Anthony,US,2020-08-22 22:52:33,45.02,-93.22,86.0,51,1,3.02
169,Hasaki,JP,2020-08-22 22:52:33,35.73,140.83,79.0,88,75,3.36
170,Mwingi,KE,2020-08-22 22:52:34,-0.93,38.06,62.47,80,94,9.95
171,Estelle,US,2020-08-22 22:52:34,29.85,-90.11,89.01,66,40,13.87
172,Kant,IN,2020-08-22 22:52:34,27.8,79.8,77.58,89,1,9.75
173,Sitka,US,2020-08-22 22:52:34,57.05,-135.33,62.6,77,75,4.7
174,Iqaluit,CA,2020-08-22 22:50:46,63.75,-68.51,44.6,87,20,8.05
175,Port-Gentil,GA,2020-08-22 22:52:35,-0.72,8.78,77.0,78,90,12.44
176,Kavieng,PG,2020-08-22 22:52:35,-2.57,150.8,82.89,71,9,2.89
177,Broome,US,2020-08-22 22:52:35,42.25,-75.83,80.6,51,75,3.36
178,Ponta Do Sol,PT,2020-08-22 22:52:35,32.67,-17.1,73.4,73,20,13.87
179,Loukhi,RU,2020-08-22 22:52:36,66.08,33.04,60.03,78,66,9.1
180,Saldanha,ZA,2020-08-22 22:48:40,-33.01,17.94,50.0,87,0,5.82
181,Kavaratti,IN,2020-08-22 22:51:38,10.57,72.64,82.44,76,50,11.45
182,Ayagoz,KZ,2020-08-22 22:52:36,47.97,80.44,60.1,34,92,4.03
183,Kencong,ID,2020-08-22 22:52:37,-8.28,113.37,73.0,92,19,2.71
184,Egvekinot,RU,2020-08-22 22:52:37,66.32,-179.17,47.68,96,100,5.41
185,Shu,KZ,2020-08-22 22:52:37,43.6,73.76,66.54,27,60,0.27
186,Sankt Florian,AT,2020-08-22 22:52:37,48.21,14.38,66.0,100,75,2.24
187,Lagoa,PT,2020-08-22 22:52:38,39.05,-27.98,72.48,83,57,10.13
188,Poum,NC,2020-08-22 22:52:38,-20.23,164.02,72.37,75,29,10.58
189,Saskylakh,RU,2020-08-22 22:52:38,71.92,114.08,43.18,64,5,4.9
190,Bail Hongal,IN,2020-08-22 22:52:38,15.82,74.87,71.64,90,100,10.18
191,Comodoro Rivadavia,AR,2020-08-22 22:52:38,-45.87,-67.5,62.6,42,20,10.29
192,Cidreira,BR,2020-08-22 22:52:39,-30.18,-50.21,53.56,73,0,6.13
193,Sur,OM,2020-08-22 22:52:39,22.57,59.53,81.88,72,100,10.8
194,Leopold,AU,2020-08-22 22:52:39,-38.18,144.47,46.4,100,90,11.41
195,Lagunas,PE,2020-08-22 22:52:39,-5.23,-75.68,72.77,70,39,3.04
196,Sigli,ID,2020-08-22 22:49:07,5.38,95.96,77.0,81,79,5.23
197,Kisangani,CD,2020-08-22 22:52:40,0.52,25.2,71.15,95,54,2.8
198,Ocampo,MX,2020-08-22 22:52:40,21.65,-101.5,72.12,42,73,8.68
199,Ilulissat,GL,2020-08-22 22:52:40,69.22,-51.1,44.6,70,0,3.36
200,Roebourne,AU,2020-08-22 22:52:40,-20.78,117.13,70.11,32,0,5.86
201,Komsomolskiy,UZ,2020-08-22 22:52:41,40.43,71.72,71.6,46,0,6.93
202,Khovu-Aksy,RU,2020-08-22 22:52:41,51.13,93.6,45.09,72,0,2.42
203,Kamina,CD,2020-08-22 22:52:41,-8.74,24.99,74.62,34,74,4.36
204,Quatre Cocos,MU,2020-08-22 22:52:41,-20.21,57.76,69.8,77,40,8.05
205,Bani Walid,LY,2020-08-22 22:52:42,31.76,13.99,69.76,83,0,4.34
206,Tarauaca,BR,2020-08-22 22:52:42,-8.16,-70.77,66.67,66,18,2.84
207,Aksha,RU,2020-08-22 22:52:42,50.28,113.29,59.04,85,86,1.77
208,Lorengau,PG,2020-08-22 22:52:42,-2.02,147.27,83.57,72,58,0.98
209,Vestmannaeyjar,IS,2020-08-22 22:52:42,63.44,-20.27,51.94,76,9,8.08
210,Ahuimanu,US,2020-08-22 22:52:43,21.44,-157.84,89.6,62,90,12.75
211,Taitung,TW,2020-08-22 22:52:43,22.76,121.14,78.8,88,75,5.82
212,Sao Raimundo Nonato,BR,2020-08-22 22:52:43,-9.02,-42.7,80.55,34,31,3.04
213,Chokurdakh,RU,2020-08-22 22:52:43,70.63,147.92,35.67,93,99,6.13
214,Jamestown,US,2020-08-22 22:52:43,42.1,-79.24,80.6,47,1,6.93
215,Husavik,IS,2020-08-22 22:52:44,66.04,-17.34,48.2,81,1,9.17
216,Bakel,SN,2020-08-22 22:52:44,14.9,-12.46,85.78,62,96,14.7
217,Verkhoyansk,RU,2020-08-22 22:52:44,67.54,133.38,41.38,68,84,2.89
218,Belmonte,BR,2020-08-22 22:52:44,-15.86,-38.88,69.8,77,90,4.7
219,Presidencia Roque Saenz Pena,AR,2020-08-22 22:52:44,-26.79,-60.44,53.37,43,0,6.06
220,Faanui,PF,2020-08-22 22:51:03,-16.48,-151.75,76.95,78,11,21.61
221,Redding,US,2020-08-22 22:48:43,40.59,-122.39,95.0,24,90,8.21
222,Lesnoye,RU,2020-08-22 22:52:45,58.28,35.52,56.21,82,90,4.61
223,Atambua,ID,2020-08-22 22:52:12,-9.11,124.89,73.35,49,23,3.62
224,Lensk,RU,2020-08-22 22:52:45,60.73,114.93,51.22,57,75,6.06
225,Saint-Pierre,RE,2020-08-22 22:52:46,-21.34,55.48,62.6,67,0,4.7
226,Strezhevoy,RU,2020-08-22 22:52:46,60.73,77.59,46.4,100,66,2.24
227,Rocha,UY,2020-08-22 22:52:46,-34.48,-54.33,45.27,73,0,5.06
228,Kahului,US,2020-08-22 22:51:14,20.89,-156.47,87.8,58,40,25.28
229,Borovoy,RU,2020-08-22 22:52:46,55.43,86.08,51.8,87,36,4.47
230,Chumikan,RU,2020-08-22 22:52:47,54.72,135.31,56.57,79,96,4.94
231,Avera,US,2020-08-22 22:52:47,33.19,-82.53,78.8,100,1,5.82
232,Beloha,MG,2020-08-22 22:52:47,-25.17,45.05,62.55,82,7,13.31
233,Orgtrud,RU,2020-08-22 22:52:47,56.18,40.61,53.38,82,0,1.9
234,Santa Maria,BR,2020-08-22 22:52:48,-29.68,-53.81,51.8,71,0,4.7
235,Haines Junction,CA,2020-08-22 22:52:48,60.75,-137.51,65.35,66,100,2.46
236,Tual,ID,2020-08-22 22:52:48,-5.67,132.75,79.27,79,29,16.44
237,Scarborough,GB,2020-08-22 22:52:48,54.28,-0.4,57.0,92,96,3.0
238,Port-Cartier,CA,2020-08-22 22:52:49,50.03,-66.87,62.01,67,75,4.7
239,Tairua,NZ,2020-08-22 22:52:49,-37.02,175.85,60.01,90,7,1.99
240,Saint George,US,2020-08-22 22:49:14,37.1,-113.58,102.99,22,1,13.87
241,Nandgaon,IN,2020-08-22 22:52:49,20.32,74.65,75.0,84,100,14.09
242,Tepalcatepec,MX,2020-08-22 22:52:49,19.18,-102.85,89.46,57,68,4.03
243,Berlevag,NO,2020-08-22 22:52:49,70.86,29.09,58.53,82,52,18.9
244,Khurai,IN,2020-08-22 22:52:50,24.04,78.33,74.05,93,100,15.97
245,Eureka,US,2020-08-22 22:52:50,40.8,-124.16,73.99,33,3,5.01
246,Guhagar,IN,2020-08-22 22:52:50,17.48,73.19,78.91,88,100,10.18
247,Diffa,NE,2020-08-22 22:52:50,13.32,12.61,84.31,51,100,8.68
248,Atar,MR,2020-08-22 22:52:51,20.52,-13.05,99.75,20,73,3.13
249,Shambu,ET,2020-08-22 22:52:51,9.57,37.1,50.94,99,33,0.47
250,Malakal,SS,2020-08-22 22:52:51,9.53,31.66,73.63,86,14,1.57
251,Shache,CN,2020-08-22 22:52:52,38.42,77.24,67.24,33,0,5.19
252,Lima,PE,2020-08-22 22:50:07,-12.04,-77.03,62.6,72,90,9.17
253,Dunedin,NZ,2020-08-22 22:52:53,-45.87,170.5,48.99,92,71,8.01
254,Sorong,ID,2020-08-22 22:52:53,-0.88,131.25,77.59,87,29,10.11
255,Cap Malheureux,MU,2020-08-22 22:51:43,-19.98,57.61,68.0,79,17,4.0
256,Sterling,US,2020-08-22 22:51:23,39.01,-77.43,81.0,78,75,4.18
257,Lebu,CL,2020-08-22 22:52:55,-37.62,-73.65,47.71,88,0,7.23
258,Yerbogachen,RU,2020-08-22 22:52:44,61.28,108.01,50.97,64,22,7.14
259,Santo Antonio Do Ica,BR,2020-08-22 22:52:55,-3.1,-67.94,74.35,70,0,2.26
260,Kawalu,ID,2020-08-22 22:52:55,-7.38,108.21,70.32,92,48,1.05
261,Trelew,AR,2020-08-22 22:52:55,-43.25,-65.31,57.38,35,0,1.68
262,Loa Janan,ID,2020-08-22 22:52:56,-0.58,117.09,76.14,95,76,2.1
263,Kautokeino,NO,2020-08-22 22:52:56,69.01,23.04,56.53,91,52,16.71
264,Ponta Delgada,PT,2020-08-22 22:52:56,37.73,-25.67,71.6,88,20,4.7
265,Fasa,IR,2020-08-22 22:52:56,28.94,53.65,73.4,35,5,6.93
266,Clyde River,CA,2020-08-22 22:52:02,70.47,-68.59,49.82,71,95,6.58
267,Vicuna,CL,2020-08-22 22:52:57,-30.03,-70.71,50.0,93,90,4.7
268,Visnes,NO,2020-08-22 22:52:57,59.36,5.22,59.0,87,90,18.34
269,Vostok,RU,2020-08-22 22:51:18,46.49,135.88,61.23,70,100,2.37
270,Lusambo,CD,2020-08-22 22:52:57,-4.97,23.45,72.36,83,86,2.64
271,Sayyan,YE,2020-08-22 22:52:57,15.17,44.32,66.61,58,54,2.24
272,Port Lincoln,AU,2020-08-22 22:48:48,-34.73,135.87,51.13,63,53,9.26
273,Vao,NC,2020-08-22 22:51:24,-22.67,167.48,71.56,80,66,11.95
274,Fort Nelson,CA,2020-08-22 22:52:58,58.81,-122.7,59.0,93,75,5.82
275,Kozhevnikovo,RU,2020-08-22 22:52:58,56.26,83.97,50.74,97,64,5.44
276,Marfino,RU,2020-08-22 22:52:59,55.7,37.38,61.0,77,80,2.24
277,Mineral Wells,US,2020-08-22 22:50:57,32.81,-98.11,95.0,32,20,5.82
278,San Luis,AR,2020-08-22 22:48:05,-33.3,-66.34,53.26,36,0,10.25
279,Sibu,MY,2020-08-22 22:52:59,2.3,111.82,73.4,100,40,1.12
280,Krasnyy Luch,UA,2020-08-22 22:53:00,48.14,38.94,55.45,59,0,8.79
281,Otradnoye,RU,2020-08-22 22:53:00,59.78,30.82,64.4,68,40,8.95
282,Pisco,PE,2020-08-22 22:53:00,-13.7,-76.22,64.4,72,40,12.75
283,Sembakung,ID,2020-08-22 22:53:00,3.82,117.25,75.29,96,91,1.07
284,Harper,LR,2020-08-22 22:53:00,4.38,-7.72,75.92,87,61,11.32
285,Ancud,CL,2020-08-22 22:53:01,-41.87,-73.82,48.99,87,99,10.29
286,Haukipudas,FI,2020-08-22 22:53:01,65.18,25.35,63.0,93,90,9.17
287,Goderich,CA,2020-08-22 22:53:01,43.75,-81.72,81.0,61,7,3.74
288,Mattru,SL,2020-08-22 22:53:01,7.62,-11.83,73.49,98,100,2.15
289,Juba,SS,2020-08-22 22:53:01,4.85,31.58,72.28,89,84,2.86
290,Kwinana,AU,2020-08-22 22:53:02,-32.25,115.77,59.0,72,40,10.29
291,Altay,CN,2020-08-22 22:53:02,47.87,88.12,58.05,36,89,4.72
292,Ostrovnoy,RU,2020-08-22 22:51:35,68.05,39.51,58.12,76,0,16.49
293,Maldonado,UY,2020-08-22 22:53:02,-34.67,-54.92,51.8,53,0,8.05
294,Estevan,CA,2020-08-22 22:53:02,49.13,-102.98,95.0,23,1,8.05
295,Boyolangu,ID,2020-08-22 22:53:02,-8.12,111.89,75.45,86,81,4.21
296,Mingguang,CN,2020-08-22 22:53:03,32.78,117.96,77.72,91,0,4.45
297,Kloulklubed,PW,2020-08-22 22:53:03,7.04,134.26,78.8,88,75,2.24
298,Sao Joao Da Barra,BR,2020-08-22 22:53:03,-21.64,-41.05,64.4,84,100,14.52
299,Urengoy,RU,2020-08-22 22:53:03,65.97,78.37,50.9,88,39,8.5
300,Palu,ID,2020-08-22 22:53:03,-0.89,119.87,76.78,73,82,2.35
301,Puerto Quijarro,BO,2020-08-22 22:53:04,-17.78,-57.77,60.22,45,64,3.33
302,Caravelas,BR,2020-08-22 22:51:24,-17.71,-39.25,70.83,81,100,11.41
303,Makubetsu,JP,2020-08-22 22:53:04,45.37,141.82,67.1,76,95,13.47
304,Muswellbrook,AU,2020-08-22 22:53:04,-32.27,150.9,52.0,51,20,14.0
305,Mega,ET,2020-08-22 22:53:04,4.05,38.3,59.13,81,100,17.45
306,Manassas,US,2020-08-22 22:53:05,38.75,-77.48,80.01,88,75,4.7
307,Zhuhai,CN,2020-08-22 22:53:05,22.28,113.57,84.0,88,20,2.24
308,Sobolevo,RU,2020-08-22 22:53:05,54.43,31.9,54.36,89,54,5.97
309,Sambava,MG,2020-08-22 22:53:05,-14.27,50.17,67.71,81,55,12.44
310,Meulaboh,ID,2020-08-22 22:49:00,4.14,96.13,74.3,87,81,4.18
311,Vila Velha,BR,2020-08-22 22:53:06,-20.33,-40.29,64.4,93,90,11.41
312,Raudeberg,NO,2020-08-22 22:53:06,61.99,5.14,54.0,94,100,14.97
313,Ahipara,NZ,2020-08-22 22:53:06,-35.17,173.17,61.63,79,43,11.16
314,Hirara,JP,2020-08-22 22:53:06,24.8,125.28,82.4,94,75,28.86
315,Cabuyaro,CO,2020-08-22 22:53:06,4.28,-72.79,77.04,86,53,4.23
316,Port Augusta,AU,2020-08-22 22:53:07,-32.5,137.77,44.01,93,75,6.93
317,Gigmoto,PH,2020-08-22 22:53:07,13.78,124.39,82.87,76,100,3.33
318,Asau,RO,2020-08-22 22:53:07,46.43,26.4,57.99,97,0,1.45
319,Huarmey,PE,2020-08-22 22:53:07,-10.07,-78.15,63.59,76,45,9.35
320,Taoudenni,ML,2020-08-22 22:53:08,22.68,-3.98,103.57,8,50,9.64
321,Kirakira,SB,2020-08-22 22:51:50,-10.45,161.92,84.56,72,100,10.94
322,Ganzhou,CN,2020-08-22 22:53:08,28.82,115.43,79.84,80,1,2.17
323,Akureyri,IS,2020-08-22 22:53:08,65.68,-18.09,48.2,81,0,9.17
324,Pando,UY,2020-08-22 22:53:08,-34.72,-55.95,57.2,54,0,10.29
325,Sidhi,IN,2020-08-22 22:53:09,24.42,81.88,75.2,88,68,4.74
326,Mahina,PF,2020-08-22 22:53:09,-17.51,-149.49,82.4,61,40,9.17
327,Alnashi,RU,2020-08-22 22:53:09,56.19,52.48,50.88,91,51,5.7
328,Busayra,JO,2020-08-22 22:53:09,30.74,35.61,61.83,86,0,3.09
329,Hemnesberget,NO,2020-08-22 22:53:09,66.23,13.63,57.0,95,100,1.32
330,Cabo San Lucas,MX,2020-08-22 22:53:10,22.89,-109.91,89.6,52,5,9.17
331,Molochnoye,RU,2020-08-22 22:53:10,59.29,39.68,57.78,88,62,5.59
332,Hithadhoo,MV,2020-08-22 22:53:10,-0.6,73.08,83.12,79,7,14.83
333,Mporokoso,ZM,2020-08-22 22:53:10,-9.37,30.12,61.36,61,39,10.76
334,Rorvik,NO,2020-08-22 22:53:10,64.86,11.24,59.58,83,89,18.01
335,Chicama,PE,2020-08-22 22:53:11,-7.84,-79.15,63.93,75,12,7.02
336,Northampton,US,2020-08-22 22:53:11,40.88,-75.25,86.0,77,0,3.6
337,Lewes,GB,2020-08-22 22:53:11,50.87,0.01,61.0,85,11,18.95
338,Codrington,AU,2020-08-22 22:53:11,-38.27,141.97,48.38,81,58,16.82
339,Lavrentiya,RU,2020-08-22 22:53:11,65.58,-171.0,47.08,94,100,6.55
340,Havre-Saint-Pierre,CA,2020-08-22 22:53:12,50.23,-63.6,57.2,76,1,16.11
341,Kalmunai,LK,2020-08-22 22:53:12,7.42,81.82,79.12,77,34,10.96
342,Boden,SE,2020-08-22 22:53:12,65.83,21.69,60.8,100,21,14.99
343,Ola,RU,2020-08-22 22:48:23,59.58,151.28,50.68,50,100,14.5
344,Iwaki,JP,2020-08-22 22:53:13,37.05,140.88,82.0,84,100,1.01
345,Winnemucca,US,2020-08-22 22:53:13,40.97,-117.74,96.8,6,1,11.41
346,Novonikolayevskaya,RU,2020-08-22 22:53:13,45.59,38.37,67.14,43,14,11.63
347,Wetteren,BE,2020-08-22 22:53:13,50.99,3.87,63.0,100,84,12.21
348,Kruisfontein,ZA,2020-08-22 22:53:13,-34.0,24.73,51.12,91,0,5.93
349,Padang,ID,2020-08-22 22:53:14,-0.95,100.35,77.7,78,100,3.06
350,Bandarbeyla,SO,2020-08-22 22:53:14,9.49,50.81,76.57,72,73,30.33
351,Gympie,AU,2020-08-22 22:48:56,-26.19,152.66,55.0,42,0,1.99
352,Koboko,UG,2020-08-22 22:53:14,3.41,30.96,62.92,98,21,3.09
353,Ayr,GB,2020-08-22 22:53:15,55.46,-4.63,59.0,87,20,5.82
354,Bahia Blanca,AR,2020-08-22 22:49:30,-38.72,-62.27,54.32,41,0,11.5
355,Sycow,PL,2020-08-22 22:53:15,51.31,17.72,64.99,100,98,3.36
356,Ninh Binh,VN,2020-08-22 22:53:15,20.25,105.97,77.52,87,76,1.9
357,Hellvik,NO,2020-08-22 22:53:15,59.92,5.78,57.99,92,93,8.99
358,Yelatma,RU,2020-08-22 22:53:16,54.97,41.75,52.68,86,0,2.42
359,Kudahuvadhoo,MV,2020-08-22 22:53:16,2.67,72.89,83.77,69,41,7.2
360,Turangi,NZ,2020-08-22 22:53:16,-39.0,175.93,49.03,92,99,2.51
361,Meylan,FR,2020-08-22 22:53:16,45.22,5.79,63.0,67,13,2.24
362,Khilok,RU,2020-08-22 22:53:16,51.37,110.47,55.13,91,77,3.85
363,Gryazi,RU,2020-08-22 22:53:17,52.5,39.94,57.2,71,35,4.47
364,Nagapattinam,IN,2020-08-22 22:53:17,10.77,79.83,81.43,81,79,13.24
365,Vieques,PR,2020-08-22 22:53:17,18.43,-65.83,78.8,83,40,12.75
366,Marsh Harbour,BS,2020-08-22 22:53:17,26.54,-77.06,84.4,76,22,13.94
367,Matehuala,MX,2020-08-22 22:53:17,23.65,-100.65,84.2,26,57,10.65
368,Graaff-Reinet,ZA,2020-08-22 22:53:18,-32.25,24.53,57.0,24,0,1.01
369,Bethel,US,2020-08-22 22:53:18,41.37,-73.41,86.0,48,1,8.05
370,Cabedelo,BR,2020-08-22 22:53:18,-6.98,-34.83,75.2,88,20,4.7
371,Brewster,US,2020-08-22 22:53:18,41.4,-73.62,86.0,48,1,8.05
372,Hofn,IS,2020-08-22 22:53:18,64.25,-15.21,49.59,76,39,1.45
373,Nanortalik,GL,2020-08-22 22:53:19,60.14,-45.24,45.93,77,5,1.66
374,Krasnoselkup,RU,2020-08-22 22:53:19,65.7,82.47,52.2,70,90,6.87
375,Tura,IN,2020-08-22 22:52:38,25.52,90.22,72.64,97,62,3.98
376,Nevsehir,TR,2020-08-22 22:53:19,38.92,34.67,66.2,42,0,6.93
377,Kathmandu,NP,2020-08-22 22:53:19,27.72,85.32,69.8,94,75,2.24
378,Kasaragod,IN,2020-08-22 22:53:20,12.5,75.0,77.0,88,90,3.36
379,Timra,SE,2020-08-22 22:53:20,62.49,17.33,64.99,77,29,4.7
380,Tver,RU,2020-08-22 22:53:20,56.86,35.89,55.92,83,72,3.62
381,Luderitz,NA,2020-08-22 22:53:20,-26.65,15.16,64.33,28,0,7.63
382,Russell,US,2020-08-22 22:53:20,32.35,-85.2,89.6,52,1,8.05
383,Nizwa,OM,2020-08-22 22:53:21,22.93,57.53,85.01,54,96,2.21
384,Ketchikan,US,2020-08-22 22:52:16,55.34,-131.65,57.2,93,90,9.17
385,Kamaishi,JP,2020-08-22 22:53:21,39.27,141.88,73.4,94,75,5.82
386,Okhotsk,RU,2020-08-22 22:53:21,59.38,143.3,55.29,48,91,8.88
387,Hailar,CN,2020-08-22 22:53:21,49.2,119.7,58.3,88,100,8.25
388,Iskitim,RU,2020-08-22 22:53:21,54.64,83.3,57.2,87,100,6.71
389,Banda Aceh,ID,2020-08-22 22:53:22,5.56,95.32,78.3,78,93,6.06
390,Omboue,GA,2020-08-22 22:53:22,-1.57,9.26,73.87,82,97,8.5
391,Verkhniy Baskunchak,RU,2020-08-22 22:53:22,48.23,46.72,65.48,49,75,9.17
392,Fureidis,IL,2020-08-22 22:53:22,32.6,34.96,77.0,87,3,1.01
393,Thessalon,CA,2020-08-22 22:53:22,46.25,-83.57,71.6,78,75,5.14
394,Touros,BR,2020-08-22 22:53:04,-5.2,-35.46,75.2,88,40,8.05
395,Jojoima,SL,2020-08-22 22:53:23,7.88,-10.79,72.01,97,99,3.09
396,Warrington,GB,2020-08-22 22:53:23,53.39,-2.58,60.8,87,75,13.87
397,Manggar,ID,2020-08-22 22:53:23,-2.88,108.27,80.87,83,80,11.39
398,Khambhaliya,IN,2020-08-22 22:53:23,22.21,69.67,81.43,89,100,14.25
399,Cansancao,BR,2020-08-22 22:53:24,-10.67,-39.5,72.07,66,1,8.23
400,Talnakh,RU,2020-08-22 22:53:24,69.49,88.4,57.2,62,56,13.42
401,Sumbe,AO,2020-08-22 22:53:24,-11.21,13.84,69.15,88,56,2.77
402,Smithers,CA,2020-08-22 22:50:56,54.78,-127.17,60.8,63,75,4.7
403,Pine Bluff,US,2020-08-22 22:53:24,34.23,-92.0,87.8,40,1,4.7
404,Novovarshavka,RU,2020-08-22 22:53:24,54.17,74.69,53.22,92,52,6.06
405,Andenes,NO,2020-08-22 22:53:25,69.31,16.12,57.2,100,100,6.93
406,Hsinchu,TW,2020-08-22 22:53:25,24.8,120.97,79.0,96,98,3.18
407,Borogontsy,RU,2020-08-22 22:53:25,62.67,131.17,49.73,49,0,2.06
408,Anzio,IT,2020-08-22 22:53:25,41.49,12.62,77.0,88,20,3.36
409,Cochrane,CA,2020-08-22 22:52:24,51.18,-114.47,75.99,23,1,14.99
410,Vardo,NO,2020-08-22 22:53:26,70.37,31.11,57.49,86,64,20.85
411,Westport,US,2020-08-22 22:53:26,41.14,-73.36,84.99,62,1,11.41
412,Bonthe,SL,2020-08-22 22:53:26,7.53,-12.51,76.14,92,100,8.43
413,Kailua,US,2020-08-22 22:53:11,21.4,-157.74,84.2,62,90,12.75
414,Kaeo,NZ,2020-08-22 22:50:04,-35.1,173.78,61.0,3,27,5.01
415,Venkatagiri,IN,2020-08-22 22:53:27,13.97,79.58,81.77,73,86,3.62
416,Zarate,AR,2020-08-22 22:53:27,-34.1,-59.03,57.0,42,0,7.36
417,Gornopravdinsk,RU,2020-08-22 22:53:27,60.05,69.9,47.84,96,18,4.97
418,Bowen,AU,2020-08-22 22:53:27,-20.02,148.23,71.01,55,48,4.7
419,Paracuru,BR,2020-08-22 22:53:28,-3.41,-39.03,79.0,76,2,25.01
420,Longyearbyen,SJ,2020-08-22 22:53:28,78.22,15.64,39.2,80,40,9.17
421,Dubrovytsya,UA,2020-08-22 22:53:28,51.57,26.57,63.64,78,9,8.77
422,Luleburgaz,TR,2020-08-22 22:52:24,41.4,27.36,69.8,100,0,6.93
423,Kangaatsiaq,GL,2020-08-22 22:53:29,68.31,-53.46,46.9,70,0,10.16
424,Batouri,CM,2020-08-22 22:53:29,4.43,14.37,68.59,96,100,1.83
425,Cleveland,US,2020-08-22 22:50:57,41.5,-81.7,84.2,69,1,6.93
426,Adoni,IN,2020-08-22 22:52:30,15.63,77.28,74.48,87,98,9.86
427,Excelsior Springs,US,2020-08-22 22:53:29,39.34,-94.23,87.8,40,1,4.7
428,Naze,JP,2020-08-22 22:53:30,28.37,129.48,84.2,88,75,1.12
429,Souillac,MU,2020-08-22 22:53:30,-20.52,57.52,69.8,77,40,8.05
430,Muzhi,RU,2020-08-22 22:53:30,65.37,64.67,48.74,86,22,10.36
431,Saryozek,KZ,2020-08-22 22:48:45,44.36,77.98,67.75,32,100,2.59
432,Aguimes,ES,2020-08-22 22:53:30,27.91,-15.45,84.99,42,0,28.86
433,Arlit,NE,2020-08-22 22:53:30,18.74,7.39,97.2,26,38,7.72
434,Samarai,PG,2020-08-22 22:53:31,-10.62,150.67,77.2,72,66,13.0
435,Panji,ID,2020-08-22 22:53:31,-7.73,114.1,74.97,64,0,4.45
436,Babushkin,RU,2020-08-22 22:53:31,51.71,105.86,56.03,84,32,6.71
437,Boddam,GB,2020-08-22 22:53:31,57.47,-1.78,57.2,87,40,8.05
438,Praia Da Vitoria,PT,2020-08-22 22:53:31,38.73,-27.07,73.4,78,20,3.8
439,Labuhan,ID,2020-08-22 22:53:32,-6.88,112.21,75.74,87,6,7.56
440,Garden City,US,2020-08-22 22:53:32,42.33,-83.33,87.01,42,20,10.29
441,Solnechnyy,RU,2020-08-22 22:53:32,50.72,136.63,64.27,85,100,3.42
442,Potenza,IT,2020-08-22 22:53:32,40.64,15.81,68.09,56,0,3.96
443,Maksatikha,RU,2020-08-22 22:50:53,57.8,35.88,55.45,83,87,4.18
444,Birao,CF,2020-08-22 22:53:33,10.28,22.79,71.37,97,79,5.35
445,Mar Del Plata,AR,2020-08-22 22:53:33,-38.0,-57.56,55.99,65,0,6.93
446,Lasa,IT,2020-08-22 22:53:33,46.62,10.7,59.0,100,5,2.24
447,Beaverlodge,CA,2020-08-22 22:53:34,55.22,-119.44,68.0,40,75,29.97
448,Dharan,NP,2020-08-22 22:53:34,26.81,87.28,75.29,82,46,2.33
449,Mandan,US,2020-08-22 22:53:34,46.83,-100.89,95.0,29,1,4.7
450,Majene,ID,2020-08-22 22:53:34,-3.54,118.97,77.29,77,46,10.98
451,Daulatpur,PK,2020-08-22 22:53:34,26.5,67.97,84.2,70,20,4.7
452,Matara,LK,2020-08-22 22:51:08,5.95,80.54,78.13,87,95,4.29
453,Chuzhou,CN,2020-08-22 22:53:35,32.32,118.3,84.99,78,0,4.25
454,San Roque,ES,2020-08-22 22:53:35,36.21,-5.38,82.4,48,0,12.75
455,Fortuna,US,2020-08-22 22:53:00,40.6,-124.16,66.99,77,1,13.87
456,Muros,ES,2020-08-22 22:53:35,42.78,-9.06,63.0,84,2,1.01
457,Sukumo,JP,2020-08-22 22:53:36,32.93,132.73,81.01,79,63,1.05
458,Keuruu,FI,2020-08-22 22:53:36,62.27,24.7,63.0,100,90,6.93
459,Saint-Augustin,CA,2020-08-22 22:53:36,51.23,-58.65,58.75,79,95,4.68
460,Mangrol,IN,2020-08-22 22:53:36,21.12,70.12,81.9,84,100,19.84
461,Flinders,AU,2020-08-22 22:53:37,-34.58,150.86,54.0,52,2,8.99
462,Keti Bandar,PK,2020-08-22 22:53:37,24.14,67.45,84.52,86,100,15.77
463,Vagay,RU,2020-08-22 22:53:37,57.94,69.02,47.37,96,52,4.54
464,Namikupa,TZ,2020-08-22 22:53:37,-10.83,39.6,64.33,93,57,3.47
465,Praia,CV,2020-08-22 22:50:34,14.92,-23.51,80.6,78,20,8.05
466,Hambantota,LK,2020-08-22 22:53:38,6.12,81.12,78.8,100,40,4.7
467,Jadu,LY,2020-08-22 22:53:38,31.95,12.03,71.49,44,0,6.15
468,Kargil,IN,2020-08-22 22:53:38,34.57,76.1,56.5,52,0,4.12
469,Kimbe,PG,2020-08-22 22:53:38,-5.55,150.14,77.18,89,41,4.94
470,Itum-Kale,RU,2020-08-22 22:53:39,42.74,45.58,54.54,71,100,1.52
471,Mackay,AU,2020-08-22 22:53:39,-21.15,149.2,64.99,45,35,9.17
472,Baie-Comeau,CA,2020-08-22 22:49:11,49.22,-68.15,66.2,42,90,9.17
473,Barsovo,RU,2020-08-22 22:53:39,61.17,73.17,51.8,100,40,4.47
474,Camacha,PT,2020-08-22 22:51:30,33.08,-16.33,73.4,73,20,9.17
475,Turan,VN,2020-08-22 22:53:40,16.07,108.22,78.8,88,40,3.36
476,Halifax,CA,2020-08-22 22:53:39,44.65,-63.57,73.0,40,23,4.25
477,The Valley,AI,2020-08-22 22:52:45,18.22,-63.06,84.2,74,40,12.75
478,Oranjemund,NA,2020-08-22 22:53:41,-28.55,16.43,58.48,54,0,4.74
479,Half Moon Bay,US,2020-08-22 22:53:41,37.46,-122.43,86.0,87,1,10.29
480,Inirida,CO,2020-08-22 22:53:41,3.87,-67.92,73.45,96,95,2.55
481,San Quintin,MX,2020-08-22 22:53:41,30.48,-115.95,78.62,67,1,8.66
482,Mezen,RU,2020-08-22 22:53:42,65.85,44.24,54.63,89,0,4.14
483,Whitefish,US,2020-08-22 22:53:42,48.41,-114.34,82.4,18,1,11.41
484,Kedgwick,CA,2020-08-22 22:53:42,47.64,-67.34,59.13,70,53,2.64
485,Nhulunbuy,AU,2020-08-22 22:53:43,-12.23,136.77,80.6,54,0,13.87
486,Kearney,US,2020-08-22 22:53:43,40.7,-99.08,91.4,46,1,10.29
487,Tavda,RU,2020-08-22 22:53:43,58.04,65.27,49.15,98,99,5.28
488,Port Pirie,AU,2020-08-22 22:53:43,-33.18,138.02,39.2,93,75,6.93
489,Ayan,RU,2020-08-22 22:53:44,56.45,138.17,59.92,57,31,7.87
490,Ixtapa,MX,2020-08-22 22:53:44,20.7,-105.2,89.6,70,20,11.41
491,Xingyi,CN,2020-08-22 22:53:44,24.19,102.82,58.57,97,96,1.57
492,Lakselv,NO,2020-08-22 22:53:44,70.05,24.97,64.4,77,37,21.92
493,Maxixe,MZ,2020-08-22 22:53:45,-23.86,35.35,61.36,81,0,2.84
494,Chara,RU,2020-08-22 22:53:45,56.91,118.26,56.62,68,97,1.01
495,Anadyr,RU,2020-08-22 22:53:45,64.75,177.48,53.6,87,75,11.18
496,Iralaya,HN,2020-08-22 22:53:45,15.0,-83.23,82.78,80,99,8.05
497,Belaya Gora,RU,2020-08-22 22:53:45,68.53,146.42,40.55,69,81,7.4
498,Inta,RU,2020-08-22 22:53:46,66.03,60.17,44.44,94,29,4.83
499,Ikalamavony,MG,2020-08-22 22:51:25,-21.15,46.58,55.24,68,1,7.27
500,Severo-Kurilsk,RU,2020-08-22 22:53:46,50.68,156.12,53.33,77,33,12.8
501,Balabac,PH,2020-08-22 22:53:47,7.99,117.06,83.07,80,96,9.62
502,Sinnamary,GF,2020-08-22 22:53:47,5.38,-52.95,80.04,82,14,7.38
503,Pithapuram,IN,2020-08-22 22:53:47,17.12,82.27,78.4,89,73,2.66
504,Brasilia,BR,2020-08-22 22:52:38,-15.78,-47.93,77.0,53,75,8.05
505,Mingaora,PK,2020-08-22 22:53:47,34.78,72.36,72.34,75,5,2.66
506,Marzuq,YE,2020-08-22 22:52:36,14.4,46.47,82.0,50,63,8.43
507,Abong Mbang,CM,2020-08-22 22:53:48,3.98,13.18,68.68,97,100,3.18
508,San Cristobal,VE,2020-08-22 22:53:48,7.77,-72.22,89.6,40,40,17.22
509,Ati,TD,2020-08-22 22:53:48,13.22,18.34,77.43,79,100,7.45
510,Amberley,US,2020-08-22 22:53:48,39.2,-84.43,81.0,73,1,4.7
511,Auki,SB,2020-08-22 22:53:49,-8.77,160.7,84.09,71,100,6.02
512,Fuling,CN,2020-08-22 22:53:49,29.7,107.39,76.3,83,0,3.44
513,Leningradskiy,RU,2020-08-22 22:53:49,69.38,178.42,49.93,74,6,5.66
514,Coahuayana,MX,2020-08-22 22:53:49,18.73,-103.68,80.6,83,75,11.41
515,Teguise,ES,2020-08-22 22:53:49,29.06,-13.56,75.2,83,20,23.04
516,Xinqing,CN,2020-08-22 22:53:50,48.23,129.5,61.5,69,98,4.07
517,Katsuura,JP,2020-08-22 22:53:50,35.13,140.3,80.01,81,100,1.99
518,Soyo,AO,2020-08-22 22:53:50,-6.13,12.37,73.42,88,6,5.97
519,Zverinogolovskoye,RU,2020-08-22 22:53:50,54.46,64.85,50.25,95,0,4.7
520,Vajszlo,HU,2020-08-22 22:53:50,45.86,17.98,66.99,88,0,3.42
521,Coihaique,CL,2020-08-22 22:53:51,-45.58,-72.07,50.0,57,75,3.36
522,Vicente Guerrero,MX,2020-08-22 22:53:51,19.12,-98.17,77.0,31,40,4.7
523,Bubaque,GW,2020-08-22 22:53:51,11.28,-15.83,80.53,83,74,9.89
524,Puerto Rondon,CO,2020-08-22 22:53:51,6.28,-71.1,74.08,94,94,3.38
525,Rio Gallegos,AR,2020-08-22 22:53:52,-51.62,-69.22,42.8,60,75,18.34
526,Neuquen,AR,2020-08-22 22:52:38,-38.95,-68.06,66.2,42,0,6.58
527,Sanbu,CN,2020-08-22 22:53:52,33.46,119.15,75.38,91,0,5.21
528,Bathsheba,BB,2020-08-22 22:53:52,13.22,-59.52,84.2,74,20,9.17
529,Brokopondo,SR,2020-08-22 22:53:52,4.75,-55.17,81.64,67,21,3.65
530,Sorland,NO,2020-08-22 22:53:53,67.67,12.69,56.48,92,99,19.44
531,Alice Springs,AU,2020-08-22 22:53:53,-23.7,133.88,48.2,45,0,6.58
532,Shelburne,CA,2020-08-22 22:53:53,44.08,-80.2,71.01,88,40,4.7
533,Slupsk,PL,2020-08-22 22:53:53,54.46,17.03,60.98,86,39,7.2
534,Sept-Iles,CA,2020-08-22 22:50:14,50.2,-66.38,62.01,67,75,4.7
535,Ambilobe,MG,2020-08-22 22:53:54,-13.2,49.05,66.36,66,76,5.91
536,Jieshi,CN,2020-08-22 22:53:54,22.81,115.83,82.18,79,84,2.68
537,Abu Samrah,SY,2020-08-22 22:53:54,35.3,37.18,70.84,68,0,7.76
538,Mizan Teferi,ET,2020-08-22 22:53:54,6.98,35.58,62.91,90,100,2.13
539,Sibolga,ID,2020-08-22 22:50:30,1.74,98.78,74.52,79,89,3.18
540,Pokhara,NP,2020-08-22 22:52:59,28.23,83.98,70.86,82,63,1.57
541,Chabahar,IR,2020-08-22 22:53:55,25.29,60.64,81.82,85,55,4.88
542,Berzence,HU,2020-08-22 22:53:55,46.21,17.15,73.4,78,0,13.87
543,Riyadh,SA,2020-08-22 22:53:06,24.69,46.72,95.0,15,48,5.82
544,Sola,VU,2020-08-22 22:53:55,-13.88,167.55,81.18,82,100,19.13
545,Luwuk,ID,2020-08-22 22:49:10,-0.95,122.79,76.68,73,52,5.37
546,Hudiksvall,SE,2020-08-22 22:53:56,61.73,17.1,62.01,86,52,3.0
547,Phalodi,IN,2020-08-22 22:53:56,27.13,72.37,87.21,64,27,11.56
548,Cherskiy,RU,2020-08-22 22:53:56,68.75,161.3,36.28,94,100,23.26
549,West Wendover,US,2020-08-22 22:53:56,40.74,-114.07,96.8,9,1,10.29
550,Dryden,CA,2020-08-22 22:53:57,49.78,-92.75,71.6,78,75,12.75
551,Santa Ana,US,2020-08-22 22:53:57,33.75,-117.87,95.0,38,20,14.99
552,Tezu,IN,2020-08-22 22:53:57,27.92,96.17,75.43,75,56,2.59
553,Sabha,LY,2020-08-22 22:53:57,27.04,14.43,80.24,28,0,10.45
554,Anchorage,US,2020-08-22 22:53:57,61.22,-149.9,72.0,43,40,8.05
555,Tilichiki,RU,2020-08-22 22:53:58,60.47,166.1,52.07,78,92,4.07
556,Kamenka,RU,2020-08-22 22:53:58,51.32,42.77,54.0,72,69,1.99
557,Vila Franca Do Campo,PT,2020-08-22 22:53:58,37.72,-25.43,71.6,88,20,4.7
558,Namibe,AO,2020-08-22 22:53:58,-15.2,12.15,63.23,81,3,2.15
559,Kampot,KH,2020-08-22 22:53:58,10.62,104.18,80.6,83,40,2.24
560,Olafsvik,IS,2020-08-22 22:53:59,64.89,-23.71,50.41,65,24,6.04
561,College,US,2020-08-22 22:50:17,64.86,-147.8,73.0,46,40,5.82
562,Novita,CO,2020-08-22 22:53:59,4.96,-76.61,76.1,90,96,3.47
563,Alghero,IT,2020-08-22 22:53:41,40.56,8.32,75.2,94,0,2.24
564,Portmore,JM,2020-08-22 22:53:59,17.97,-76.87,89.6,66,20,5.82
565,Acapulco,MX,2020-08-22 22:51:38,16.86,-99.89,86.0,74,40,6.93
566,Alihe,CN,2020-08-22 22:54:00,50.57,123.72,60.71,88,100,2.53
567,Ushtobe,KZ,2020-08-22 22:54:00,45.25,77.98,68.29,26,100,3.27
568,Ulaanbaatar,MN,2020-08-22 22:51:53,47.91,106.88,42.8,87,0,0.49
569,Togur,RU,2020-08-22 22:54:00,58.36,82.83,50.77,97,63,6.02
570,Ajdabiya,LY,2020-08-22 22:54:01,30.76,20.23,74.16,77,0,10.87
571,Cabra,ES,2020-08-22 22:53:18,37.47,-4.44,82.0,40,0,2.01
572,Bela,IN,2020-08-22 22:54:01,25.93,81.98,79.27,83,3,4.83
573,Najran,SA,2020-08-22 22:54:01,17.49,44.13,86.0,23,2,4.7
574,Tocopilla,CL,2020-08-22 22:52:02,-22.09,-70.2,60.46,62,33,3.06
575,Weligama,LK,2020-08-22 22:54:02,5.97,80.42,78.35,86,90,4.47
576,Mount Isa,AU,2020-08-22 22:54:02,-20.73,139.5,59.0,33,4,9.17
577,Concepcion Del Oro,MX,2020-08-22 22:54:02,24.63,-101.42,77.22,29,34,19.37
578,Tuatapere,NZ,2020-08-22 22:50:04,-46.13,167.68,46.99,97,100,4.0
579,Nerchinskiy Zavod,RU,2020-08-22 22:54:02,51.31,119.61,56.73,92,100,1.5
